{
  "project_info": {
    "project_number": "31289577449",
    "firebase_url": "https://kurakulasapp-default-rtdb.firebaseio.com",
    "project_id": "kurakulasapp",
    "storage_bucket": "kurakulasapp.firebasestorage.app"
  },
  "client": [
    {
      "client_info": {
        "mobilesdk_app_id": "1:31289577449:android:23a619821724ea2add0578",
        "android_client_info": {
          "package_name": "pzn.project.ap.kurakulasapp"
        }
      },
      "oauth_client": [
        {
          "client_id": "31289577449-eq2hd6ci65oov78kvngabj7lgpn6ciki.apps.googleusercontent.com",
          "client_type": 3
        }
      ],
      "api_key": [
        {
          "current_key": "AIzaSyD8ipAV8svVULKGwKYqYXVjOe2HxyIFHQQ"
        }
      ],
      "services": {
        "appinvite_service": {
          "other_platform_oauth_client": [
            {
              "client_id": "31289577449-eq2hd6ci65oov78kvngabj7lgpn6ciki.apps.googleusercontent.com",
              "client_type": 3
            }
          ]
        }
      }
    }
  ],
  "configuration_version": "1"
}